"Kingdom"	"Phylum"	"Class"	"Order"	"Family"
"seq1"	"Bacteria"	"Bacteroidota"	"Bacteroidia"	"Flavobacteriales"	"Flavobacteriaceae"
"seq3"	"Bacteria"	"Myxococcota"	"Polyangia"	"Polyangiales"	"Sandaracinaceae"
"seq4"	"Bacteria"	"Proteobacteria"	"Alphaproteobacteria"	"Rhodobacterales"	"Rhodobacteraceae"
"seq8"	"Bacteria"	"Proteobacteria"	"Gammaproteobacteria"	"Burkholderiales"	"Comamonadaceae"
"seq13"	"Bacteria"	"Proteobacteria"	"Gammaproteobacteria"	"Pseudomonadales"	"Pseudohongiellaceae"
"seq14"	"Bacteria"	"Actinobacteriota"	"Actinobacteria"	"Micrococcales"	"Microbacteriaceae"
"seq15"	"Bacteria"	"Proteobacteria"	"Gammaproteobacteria"	"Pseudomonadales"	"SAR86 clade"
"seq21"	"Bacteria"	"Proteobacteria"	"Gammaproteobacteria"	"Pseudomonadales"	"Halieaceae"
"seq31"	"Bacteria"	"Bacteroidota"	"Bacteroidia"	"Flavobacteriales"	"Cryomorphaceae"
"seq41"	"Bacteria"	"Proteobacteria"	"Gammaproteobacteria"	"Burkholderiales"	"Methylophilaceae"
"seq50"	"Bacteria"	"Campylobacterota"	"Campylobacteria"	"Campylobacterales"	"Arcobacteraceae"
"seq57"	"Bacteria"	"Actinobacteriota"	"Acidimicrobiia"	"Actinomarinales"	"Actinomarinaceae"
"seq61"	"Bacteria"	"Proteobacteria"	"Gammaproteobacteria"	"Thiotrichales"	"Thiotrichaceae"
"seq67"	"Bacteria"	"Desulfobacterota"	"Desulfobacteria"	"Desulfobacterales"	"Desulfosarcinaceae"
"seq75"	"Bacteria"	"Proteobacteria"	"Gammaproteobacteria"	"Steroidobacterales"	"Woeseiaceae"
"seq83"	"Bacteria"	"Proteobacteria"	"Alphaproteobacteria"	"Puniceispirillales"	"SAR116 clade"
"seq103"	"Bacteria"	"Proteobacteria"	"Alphaproteobacteria"	"Rhizobiales"	"Rhizobiales Incertae Sedis"
"seq118"	"Bacteria"	"Actinobacteriota"	"Actinobacteria"	"Frankiales"	"Sporichthyaceae"
"seq130"	"Bacteria"	"Proteobacteria"	"Gammaproteobacteria"	"Chromatiales"	"Chromatiaceae"
"seq132"	"Bacteria"	"Proteobacteria"	"Gammaproteobacteria"	"Pseudomonadales"	"Porticoccaceae"
"seq154"	"Bacteria"	"Proteobacteria"	"Gammaproteobacteria"	"Ectothiorhodospirales"	"Ectothiorhodospiraceae"
"seq165"	"Bacteria"	"Proteobacteria"	"Gammaproteobacteria"	"Burkholderiales"	"Alcaligenaceae"
"seq166"	"Bacteria"	"Acidobacteriota"	"Thermoanaerobaculia"	"Thermoanaerobaculales"	"Thermoanaerobaculaceae"
"seq174"	"Bacteria"	"Desulfobacterota"	"Desulfobulbia"	"Desulfobulbales"	"Desulfocapsaceae"
"seq195"	"Bacteria"	"Actinobacteriota"	"Acidimicrobiia"	"Microtrichales"	"Ilumatobacteraceae"
"seq204"	"Bacteria"	"Proteobacteria"	"Gammaproteobacteria"	"Enterobacterales"	"Alteromonadaceae"
"seq215"	"Bacteria"	"Proteobacteria"	"Gammaproteobacteria"	"Pseudomonadales"	"OM182 clade"
"seq220"	"Bacteria"	"Campylobacterota"	"Campylobacteria"	"Campylobacterales"	"Sulfurovaceae"
"seq234"	"Bacteria"	"Proteobacteria"	"Gammaproteobacteria"	"Granulosicoccales"	"Granulosicoccaceae"
"seq253"	"Bacteria"	"Proteobacteria"	"Gammaproteobacteria"	"Pseudomonadales"	"Halomonadaceae"
"seq267"	"Bacteria"	"Proteobacteria"	"Gammaproteobacteria"	"Pseudomonadales"	"Moraxellaceae"
"seq275"	"Bacteria"	"Proteobacteria"	"Alphaproteobacteria"	"Parvibaculales"	"PS1 clade"
"seq281"	"Bacteria"	"Proteobacteria"	"Gammaproteobacteria"	"Gammaproteobacteria Incertae Sedis"	"Unknown Family"
"seq286"	"Bacteria"	"Proteobacteria"	"Gammaproteobacteria"	"Pseudomonadales"	"KI89A clade"
"seq307"	"Bacteria"	"Bacteroidota"	"Bacteroidia"	"Cytophagales"	"Cyclobacteriaceae"
"seq308"	"Bacteria"	"Bacteroidota"	"Bacteroidia"	"Flavobacteriales"	"Crocinitomicaceae"
"seq309"	"Bacteria"	"Proteobacteria"	"Gammaproteobacteria"	"Arenicellales"	"Arenicellaceae"
"seq312"	"Bacteria"	"Proteobacteria"	"Gammaproteobacteria"	"Burkholderiales"	"MWH-UniP1 aquatic group"
"seq340"	"Bacteria"	"Bacteroidota"	"Ignavibacteria"	"Ignavibacteriales"	"Ignavibacteriaceae"
"seq348"	"Bacteria"	"Desulfobacterota"	"Desulfuromonadia"	"Desulfuromonadales"	"Sva1033"
"seq362"	"Bacteria"	"Proteobacteria"	"Gammaproteobacteria"	"Burkholderiales"	"Oxalobacteraceae"
"seq365"	"Bacteria"	"Proteobacteria"	"Alphaproteobacteria"	"Reyranellales"	"Reyranellaceae"
"seq372"	"Bacteria"	"Proteobacteria"	"Gammaproteobacteria"	"Nitrosococcales"	"Nitrosococcaceae"
"seq377"	"Bacteria"	"Proteobacteria"	"Alphaproteobacteria"	"Defluviicoccales"	"Defluviicoccaceae"
"seq397"	"Bacteria"	"Proteobacteria"	"Alphaproteobacteria"	"SAR11 clade"	"Clade I"
"seq405"	"Bacteria"	"Proteobacteria"	"Gammaproteobacteria"	"Burkholderiales"	"Rhodocyclaceae"
"seq472"	"Bacteria"	"Proteobacteria"	"Gammaproteobacteria"	"Competibacterales"	"Competibacteraceae"
"seq488"	"Bacteria"	"Actinobacteriota"	"Acidimicrobiia"	"Microtrichales"	"Microtrichaceae"
"seq491"	"Bacteria"	"Proteobacteria"	"Gammaproteobacteria"	"Pseudomonadales"	"Litoricolaceae"
"seq494"	"Bacteria"	"Bacteroidota"	"Bacteroidia"	"Chitinophagales"	"Saprospiraceae"
"seq501"	"Bacteria"	"Proteobacteria"	"Gammaproteobacteria"	"Pseudomonadales"	"Thioglobaceae"
"seq507"	"Bacteria"	"Actinobacteriota"	"Thermoleophilia"	"Solirubrobacterales"	"67-14"
"seq510"	"Bacteria"	"Proteobacteria"	"Alphaproteobacteria"	"Rhizobiales"	"Rhizobiaceae"
"seq513"	"Bacteria"	"Bacteroidota"	"Ignavibacteria"	"Ignavibacteriales"	"Melioribacteraceae"
"seq514"	"Bacteria"	"Proteobacteria"	"Gammaproteobacteria"	"Enterobacterales"	"Vibrionaceae"
"seq517"	"Bacteria"	"Bacteroidota"	"Bacteroidia"	"Sphingobacteriales"	"NS11-12 marine group"
"seq532"	"Bacteria"	"Proteobacteria"	"Alphaproteobacteria"	"Rickettsiales"	"Mitochondria"
"seq554"	"Bacteria"	"Proteobacteria"	"Gammaproteobacteria"	"Enterobacterales"	"Pseudoalteromonadaceae"
"seq590"	"Bacteria"	"Proteobacteria"	"Gammaproteobacteria"	"Pseudomonadales"	"Spongiibacteraceae"
"seq626"	"Bacteria"	"Verrucomicrobiota"	"Verrucomicrobiae"	"Chthoniobacterales"	"Chthoniobacteraceae"
"seq628"	"Archaea"	"Crenarchaeota"	"Nitrososphaeria"	"Nitrosopumilales"	"Nitrosopumilaceae"
"seq636"	"Bacteria"	"Gemmatimonadota"	"Gemmatimonadetes"	"Gemmatimonadales"	"Gemmatimonadaceae"
"seq639"	"Bacteria"	"Actinobacteriota"	"Actinobacteria"	"Nitriliruptorales"	"Nitriliruptoraceae"
"seq655"	"Bacteria"	"Firmicutes"	"Bacilli"	"Acholeplasmatales"	"Acholeplasmataceae"
"seq656"	"Bacteria"	"Proteobacteria"	"Alphaproteobacteria"	"SAR11 clade"	"Clade IV"
"seq658"	"Bacteria"	"Bacteroidota"	"Bacteroidia"	"Bacteroidales"	"Bacteroidetes BD2-2"
"seq661"	"Bacteria"	"Actinobacteriota"	"Actinobacteria"	"Corynebacteriales"	"Mycobacteriaceae"
"seq662"	"Bacteria"	"Bacteroidota"	"Ignavibacteria"	"Ignavibacteriales"	"PHOS-HE36"
"seq664"	"Bacteria"	"Proteobacteria"	"Gammaproteobacteria"	"Chromatiales"	"Sedimenticolaceae"
"seq667"	"Bacteria"	"Proteobacteria"	"Gammaproteobacteria"	"Steroidobacterales"	"Steroidobacteraceae"
"seq672"	"Bacteria"	"Proteobacteria"	"Gammaproteobacteria"	"Burkholderiales"	"Nitrosomonadaceae"
"seq675"	"Bacteria"	"Proteobacteria"	"Gammaproteobacteria"	"Burkholderiales"	"Burkholderiaceae"
"seq684"	"Bacteria"	"Proteobacteria"	"Alphaproteobacteria"	"Rhodospirillales"	"Magnetospiraceae"
"seq697"	"Bacteria"	"Proteobacteria"	"Alphaproteobacteria"	"Caulobacterales"	"Hyphomonadaceae"
"seq717"	"Bacteria"	"Proteobacteria"	"Gammaproteobacteria"	"Tenderiales"	"Tenderiaceae"
"seq741"	"Bacteria"	"Proteobacteria"	"Alphaproteobacteria"	"Sphingomonadales"	"Sphingomonadaceae"
"seq792"	"Bacteria"	"Bacteroidota"	"Bacteroidia"	"Flavobacteriales"	"Schleiferiaceae"
"seq866"	"Bacteria"	"Bacteroidota"	"Bacteroidia"	"Flavobacteriales"	"NS9 marine group"
"seq870"	"Bacteria"	"Bacteroidota"	"Bacteroidia"	"Bacteroidales"	"SB-5"
"seq921"	"Bacteria"	"Bacteroidota"	"Bacteroidia"	"Cytophagales"	"Spirosomaceae"
"seq962"	"Bacteria"	"Proteobacteria"	"Gammaproteobacteria"	"Legionellales"	"Legionellaceae"
"seq968"	"Bacteria"	"Proteobacteria"	"Alphaproteobacteria"	"Rhizobiales"	"Beijerinckiaceae"
"seq979"	"Bacteria"	"Nitrospirota"	"Nitrospiria"	"Nitrospirales"	"Nitrospiraceae"
"seq982"	"Bacteria"	"Proteobacteria"	"Gammaproteobacteria"	"Enterobacterales"	"Shewanellaceae"
"seq1026"	"Bacteria"	"Proteobacteria"	"Gammaproteobacteria"	"Pseudomonadales"	"Pseudomonadaceae"
"seq1048"	"Bacteria"	"Proteobacteria"	"Alphaproteobacteria"	"Rhizobiales"	"Hyphomicrobiaceae"
"seq1058"	"Bacteria"	"Bacteroidota"	"Rhodothermia"	"Balneolales"	"Balneolaceae"
"seq1084"	"Bacteria"	"Proteobacteria"	"Alphaproteobacteria"	"Caulobacterales"	"Caulobacteraceae"
"seq1108"	"Bacteria"	"Proteobacteria"	"Gammaproteobacteria"	"Pseudomonadales"	"Nitrincolaceae"
"seq1129"	"Bacteria"	"Verrucomicrobiota"	"Verrucomicrobiae"	"Pedosphaerales"	"Pedosphaeraceae"
"seq1131"	"Bacteria"	"Proteobacteria"	"Alphaproteobacteria"	"Thalassobaculales"	"Thalassobaculaceae"
"seq1135"	"Bacteria"	"Calditrichota"	"Calditrichia"	"Calditrichales"	"Calditrichaceae"
"seq1282"	"Bacteria"	"Bacteroidota"	"Rhodothermia"	"Rhodothermales"	"Rhodothermaceae"
"seq1353"	"Bacteria"	"Proteobacteria"	"Gammaproteobacteria"	"Pseudomonadales"	"MBAE14"
"seq1363"	"Bacteria"	"Proteobacteria"	"Gammaproteobacteria"	"Burkholderiales"	"Hydrogenophilaceae"
"seq1373"	"Bacteria"	"Planctomycetota"	"Planctomycetes"	"Pirellulales"	"Pirellulaceae"
"seq1378"	"Bacteria"	"Firmicutes"	"Bacilli"	"Staphylococcales"	"Staphylococcaceae"
"seq1422"	"Bacteria"	"Desulfobacterota"	"Desulfobulbia"	"Desulfobulbales"	"Desulfobulbaceae"
"seq1464"	"Bacteria"	"Bacteroidota"	"Bacteroidia"	"Flavobacteriales"	"Weeksellaceae"
"seq1466"	"Bacteria"	"Bacteroidota"	"Bacteroidia"	"Cytophagales"	"Microscillaceae"
"seq1498"	"Bacteria"	"Proteobacteria"	"Alphaproteobacteria"	"Rhodospirillales"	"AEGEAN-169 marine group"
"seq1532"	"Bacteria"	"Proteobacteria"	"Gammaproteobacteria"	"Salinisphaerales"	"Solimonadaceae"
"seq1533"	"Bacteria"	"Proteobacteria"	"Gammaproteobacteria"	"Thiomicrospirales"	"Thiomicrospiraceae"
"seq1591"	"Bacteria"	"Proteobacteria"	"Alphaproteobacteria"	"Tistrellales"	"Geminicoccaceae"
"seq1600"	"Bacteria"	"Bacteroidota"	"Bacteroidia"	"Flavobacteriales"	"NS7 marine group"
"seq1618"	"Bacteria"	"Bacteroidota"	"Bacteroidia"	"Bacteroidales"	"Marinifilaceae"
"seq1625"	"Bacteria"	"Proteobacteria"	"Gammaproteobacteria"	"Enterobacterales"	"Enterobacteriaceae"
"seq1626"	"Bacteria"	"Planctomycetota"	"Planctomycetes"	"Planctomycetales"	"Gimesiaceae"
"seq1657"	"Bacteria"	"Proteobacteria"	"Gammaproteobacteria"	"Thiohalorhabdales"	"Thiohalorhabdaceae"
"seq1677"	"Bacteria"	"Bacteroidota"	"Bacteroidia"	"Sphingobacteriales"	"Lentimicrobiaceae"
"seq1699"	"Bacteria"	"Bacteroidota"	"Bacteroidia"	"Bacteroidales"	"Paludibacteraceae"
"seq1715"	"Bacteria"	"Proteobacteria"	"Gammaproteobacteria"	"Enterobacterales"	"Psychromonadaceae"
"seq1765"	"Bacteria"	"Bdellovibrionota"	"Oligoflexia"	"Oligoflexales"	"Oligoflexaceae"
"seq1790"	"Bacteria"	"Bacteroidota"	"Bacteroidia"	"Bacteroidales"	"Prolixibacteraceae"
"seq1821"	"Bacteria"	"Campylobacterota"	"Campylobacteria"	"Campylobacterales"	"Sulfurimonadaceae"
"seq1831"	"Bacteria"	"Proteobacteria"	"Alphaproteobacteria"	"Rickettsiales"	"AB1"
"seq1850"	"Bacteria"	"Desulfobacterota"	"Desulfobacteria"	"Desulfatiglandales"	"Desulfatiglandaceae"
"seq1860"	"Bacteria"	"Firmicutes"	"Clostridia"	"Oscillospirales"	"Hungateiclostridiaceae"
"seq1866"	"Bacteria"	"Firmicutes"	"Clostridia"	"Lachnospirales"	"Lachnospiraceae"
"seq1882"	"Bacteria"	"Proteobacteria"	"Gammaproteobacteria"	"Burkholderiales"	"TRA3-20"
"seq1915"	"Bacteria"	"Proteobacteria"	"Gammaproteobacteria"	"Pseudomonadales"	"BD2-7"
"seq1925"	"Bacteria"	"Proteobacteria"	"Gammaproteobacteria"	"Pseudomonadales"	"Cellvibrionaceae"
"seq1934"	"Bacteria"	"Cyanobacteria"	"Cyanobacteriia"	"Synechococcales"	"Cyanobiaceae"
"seq1953"	"Bacteria"	"Fusobacteriota"	"Fusobacteriia"	"Fusobacteriales"	"Fusobacteriaceae"
"seq1987"	"Bacteria"	"Bdellovibrionota"	"Bdellovibrionia"	"Bdellovibrionales"	"Bdellovibrionaceae"
"seq2000"	"Bacteria"	"Proteobacteria"	"Alphaproteobacteria"	"Rhizobiales"	"Stappiaceae"
"seq2104"	"Bacteria"	"Spirochaetota"	"Spirochaetia"	"Spirochaetales"	"Spirochaetaceae"
"seq2106"	"Bacteria"	"Proteobacteria"	"Gammaproteobacteria"	"Enterobacterales"	"Colwelliaceae"
"seq2127"	"Bacteria"	"Fermentibacterota"	"Fermentibacteria"	"Fermentibacterales"	"Fermentibacteraceae"
"seq2247"	"Bacteria"	"Proteobacteria"	"Gammaproteobacteria"	"Enterobacterales"	"Idiomarinaceae"
"seq2295"	"Bacteria"	"Proteobacteria"	"Gammaproteobacteria"	"Pseudomonadales"	"Marinomonadaceae"
"seq2338"	"Bacteria"	"Proteobacteria"	"Gammaproteobacteria"	"Diplorickettsiales"	"Diplorickettsiaceae"
"seq2356"	"Bacteria"	"Proteobacteria"	"Gammaproteobacteria"	"Pseudomonadales"	"Oleiphilaceae"
"seq2370"	"Bacteria"	"Proteobacteria"	"Gammaproteobacteria"	"Pseudomonadales"	"Hahellaceae"
"seq2387"	"Bacteria"	"Proteobacteria"	"Gammaproteobacteria"	"Xanthomonadales"	"Rhodanobacteraceae"
"seq2436"	"Bacteria"	"Bacteroidota"	"Bacteroidia"	"Chitinophagales"	"Chitinophagaceae"
"seq2542"	"Bacteria"	"Actinobacteriota"	"Actinobacteria"	"Propionibacteriales"	"Nocardioidaceae"
"seq2543"	"Bacteria"	"Proteobacteria"	"Alphaproteobacteria"	"Rickettsiales"	"Rickettsiaceae"
"seq2585"	"Bacteria"	"Proteobacteria"	"Gammaproteobacteria"	"Enterobacterales"	"Aeromonadaceae"
"seq2708"	"Bacteria"	"Planctomycetota"	"Planctomycetes"	"Planctomycetales"	"Rubinisphaeraceae"
"seq2784"	"Bacteria"	"Bacteroidota"	"Bacteroidia"	"Sphingobacteriales"	"LiUU-11-161"
"seq2802"	"Bacteria"	"Proteobacteria"	"Alphaproteobacteria"	"Rhizobiales"	"Devosiaceae"
"seq2819"	"Bacteria"	"Bacteroidota"	"Bacteroidia"	"Bacteroidales"	"Marinilabiliaceae"
"seq2828"	"Bacteria"	"Deinococcota"	"Deinococci"	"Deinococcales"	"Trueperaceae"
"seq2899"	"Bacteria"	"Desulfobacterota"	"Desulfuromonadia"	"Desulfuromonadales"	"Geopsychrobacteraceae"
"seq2924"	"Bacteria"	"Proteobacteria"	"Alphaproteobacteria"	"Rhizobiales"	"Methyloligellaceae"
"seq3052"	"Bacteria"	"Latescibacterota"	"Latescibacteria"	"Latescibacterales"	"Latescibacteraceae"
"seq3072"	"Bacteria"	"Proteobacteria"	"Gammaproteobacteria"	"Coxiellales"	"Coxiellaceae"
"seq3125"	"Bacteria"	"Bacteroidota"	"Bacteroidia"	"Bacteroidales"	"Bacteroidetes vadinHA17"
"seq3225"	"Bacteria"	"Firmicutes"	"Bacilli"	"Lactobacillales"	"Streptococcaceae"
"seq3274"	"Bacteria"	"Myxococcota"	"Polyangia"	"Nannocystales"	"Nannocystaceae"
"seq3331"	"Bacteria"	"Proteobacteria"	"Alphaproteobacteria"	"Parvibaculales"	"OCS116 clade"
"seq3375"	"Bacteria"	"Proteobacteria"	"Gammaproteobacteria"	"Xanthomonadales"	"Xanthomonadaceae"
"seq3408"	"Bacteria"	"Firmicutes"	"Bacilli"	"Lactobacillales"	"Carnobacteriaceae"
"seq3463"	"Bacteria"	"Proteobacteria"	"Gammaproteobacteria"	"Pseudomonadales"	"Gven-F17"
"seq3541"	"Bacteria"	"Firmicutes"	"Clostridia"	"Clostridiales"	"Clostridiaceae"
"seq3579"	"Bacteria"	"Bacteroidota"	"Bacteroidia"	"Cytophagales"	"Amoebophilaceae"
"seq3587"	"Bacteria"	"Firmicutes"	"Clostridia"	"Lachnospirales"	"Defluviitaleaceae"
"seq3599"	"Bacteria"	"Bacteroidota"	"Kryptonia"	"Kryptoniales"	"BSV26"
"seq3619"	"Bacteria"	"Actinobacteriota"	"Actinobacteria"	"Kineosporiales"	"Kineosporiaceae"
"seq3628"	"Bacteria"	"Bdellovibrionota"	"Bdellovibrionia"	"Bacteriovoracales"	"Bacteriovoracaceae"
"seq3722"	"Bacteria"	"Proteobacteria"	"Gammaproteobacteria"	"Enterobacterales"	"Moritellaceae"
"seq3732"	"Bacteria"	"Proteobacteria"	"Gammaproteobacteria"	"Nitrosococcales"	"Methylophagaceae"
"seq3925"	"Bacteria"	"Proteobacteria"	"Gammaproteobacteria"	"Ectothiorhodospirales"	"Thioalkalispiraceae"
"seq3976"	"Bacteria"	"Planctomycetota"	"Phycisphaerae"	"MSBL9"	"4572-13"
"seq4160"	"Bacteria"	"Desulfobacterota"	"Desulfobacteria"	"Desulfobacterales"	"Desulfococcaceae"
"seq4222"	"Bacteria"	"Desulfobacterota"	"Desulfobacteria"	"Desulfobacterales"	"Desulfobacteraceae"
"seq4328"	"Bacteria"	"Myxococcota"	"Myxococcia"	"Myxococcales"	"Myxococcaceae"
"seq4329"	"Bacteria"	"Bacteroidota"	"Bacteroidia"	"Sphingobacteriales"	"ST-12K33"
"seq4348"	"Bacteria"	"Firmicutes"	"Bacilli"	"Mycoplasmatales"	"Mycoplasmataceae"
"seq4372"	"Bacteria"	"Planctomycetota"	"Phycisphaerae"	"Phycisphaerales"	"Phycisphaeraceae"
"seq4409"	"Bacteria"	"Desulfobacterota"	"Desulfovibrionia"	"Desulfovibrionales"	"Desulfomicrobiaceae"
"seq4454"	"Bacteria"	"Actinobacteriota"	"Actinobacteria"	"Micrococcales"	"Demequinaceae"
"seq4463"	"Bacteria"	"Proteobacteria"	"Alphaproteobacteria"	"SAR11 clade"	"Clade III"
"seq4471"	"Bacteria"	"Desulfobacterota"	"Desulfuromonadia"	"Desulfuromonadales"	"Syntrophotaleaceae"
"seq4671"	"Bacteria"	"Proteobacteria"	"Alphaproteobacteria"	"Kiloniellales"	"Kiloniellaceae"
"seq4672"	"Bacteria"	"Proteobacteria"	"Alphaproteobacteria"	"Rhodospirillales"	"Rhodospirillaceae"
"seq4690"	"Bacteria"	"Desulfobacterota"	"Desulfobaccia"	"Desulfobaccales"	"Desulfobaccaceae"
"seq4990"	"Bacteria"	"Proteobacteria"	"Gammaproteobacteria"	"Enterobacterales"	"Yersiniaceae"
"seq5125"	"Bacteria"	"Firmicutes"	"Bacilli"	"Bacillales"	"Planococcaceae"
"seq5128"	"Bacteria"	"Synergistota"	"Synergistia"	"Synergistales"	"Synergistaceae"
"seq5214"	"Bacteria"	"Proteobacteria"	"Alphaproteobacteria"	"SAR11 clade"	"Clade II"
"seq5232"	"Bacteria"	"Firmicutes"	"Clostridia"	"Peptostreptococcales-Tissierellales"	"JTB215"
"seq5235"	"Bacteria"	"Cyanobacteria"	"Cyanobacteriia"	"Cyanobacteriales"	"Cyanobacteriaceae"
"seq5296"	"Bacteria"	"Proteobacteria"	"Alphaproteobacteria"	"Rhizobiales"	"A0839"
"seq5469"	"Bacteria"	"Proteobacteria"	"Gammaproteobacteria"	"Pseudomonadales"	"Unknown Family"
"seq5536"	"Bacteria"	"Desulfobacterota"	"Desulfuromonadia"	"Desulfuromonadales"	"Desulfuromonadaceae"
"seq5597"	"Bacteria"	"Bacteroidota"	"Bacteroidia"	"Sphingobacteriales"	"FFCH9454"
"seq5789"	"Bacteria"	"Firmicutes"	"Clostridia"	"Peptostreptococcales-Tissierellales"	"Peptostreptococcaceae"
"seq5820"	"Bacteria"	"Bacteroidota"	"Bacteroidia"	"Sphingobacteriales"	"AKYH767"
"seq5899"	"Bacteria"	"Proteobacteria"	"Alphaproteobacteria"	"Rhizobiales"	"Xanthobacteraceae"
"seq5962"	"Bacteria"	"Firmicutes"	"Clostridia"	"Peptostreptococcales-Tissierellales"	"Anaerovoracaceae"
"seq5981"	"Bacteria"	"Proteobacteria"	"Gammaproteobacteria"	"Burkholderiales"	"Neisseriaceae"
"seq5988"	"Bacteria"	"Desulfobacterota"	"Desulfomonilia"	"Desulfomonilales"	"Desulfomonilaceae"
"seq6003"	"Bacteria"	"Proteobacteria"	"Gammaproteobacteria"	"Acidiferrobacterales"	"Acidiferrobacteraceae"
"seq6071"	"Bacteria"	"Bacteroidota"	"Bacteroidia"	"Sphingobacteriales"	"Sphingobacteriaceae"
"seq6114"	"Bacteria"	"Actinobacteriota"	"Actinobacteria"	"Micrococcales"	"Micrococcaceae"
"seq6143"	"Bacteria"	"Myxococcota"	"Polyangia"	"Haliangiales"	"Haliangiaceae"
"seq6147"	"Bacteria"	"Proteobacteria"	"Gammaproteobacteria"	"Burkholderiales"	"Sutterellaceae"
"seq6149"	"Bacteria"	"Firmicutes"	"Clostridia"	"Peptostreptococcales-Tissierellales"	"Fusibacteraceae"
"seq6237"	"Bacteria"	"Bacteroidota"	"Bacteroidia"	"Bacteroidales"	"Bacteroidaceae"
"seq6267"	"Bacteria"	"Proteobacteria"	"Gammaproteobacteria"	"Pseudomonadales"	"Endozoicomonadaceae"
"seq6323"	"Bacteria"	"Firmicutes"	"Bacilli"	"Izemoplasmatales"	"Izemoplasmataceae"
"seq6346"	"Bacteria"	"Proteobacteria"	"Alphaproteobacteria"	"Rhizobiales"	"Methylopilaceae"
"seq6670"	"Bacteria"	"Proteobacteria"	"Alphaproteobacteria"	"Rhodospirillales"	"Terasakiellaceae"
"seq6722"	"Bacteria"	"Proteobacteria"	"Gammaproteobacteria"	"Methylococcales"	"Methylomonadaceae"
"seq6730"	"Bacteria"	"Verrucomicrobiota"	"Verrucomicrobiae"	"Chthoniobacterales"	"Terrimicrobiaceae"
"seq6775"	"Bacteria"	"Proteobacteria"	"Alphaproteobacteria"	"Caulobacterales"	"Parvularculaceae"
"seq6886"	"Bacteria"	"Acidobacteriota"	"Blastocatellia"	"Blastocatellales"	"Blastocatellaceae"
"seq6916"	"Bacteria"	"Proteobacteria"	"Alphaproteobacteria"	"Rickettsiales"	"Fokiniaceae"
"seq6975"	"Bacteria"	"Myxococcota"	"Polyangia"	"Polyangiales"	"Phaselicystidaceae"
"seq7099"	"Bacteria"	"Verrucomicrobiota"	"Verrucomicrobiae"	"Opitutales"	"Puniceicoccaceae"
"seq7137"	"Bacteria"	"Desulfobacterota"	"Desulfobulbia"	"Desulfobulbales"	"Desulfurivibrionaceae"
"seq7210"	"Bacteria"	"Proteobacteria"	"Gammaproteobacteria"	"Francisellales"	"Francisellaceae"
"seq7256"	"Bacteria"	"Bacteroidota"	"Bacteroidia"	"Cytophagales"	"Hymenobacteraceae"
"seq7277"	"Bacteria"	"Actinobacteriota"	"Actinobacteria"	"Micrococcales"	"Cellulomonadaceae"
"seq7410"	"Bacteria"	"Chloroflexi"	"Chloroflexia"	"Chloroflexales"	"Chloroflexaceae"
"seq7454"	"Bacteria"	"Chloroflexi"	"Anaerolineae"	"Caldilineales"	"Caldilineaceae"
"seq7639"	"Bacteria"	"Proteobacteria"	"Alphaproteobacteria"	"Micavibrionales"	"Micavibrionaceae"
"seq7670"	"Bacteria"	"Bacteroidota"	"Ignavibacteria"	"Ignavibacteriales"	"LD-RB-34"
"seq7887"	"Bacteria"	"Actinobacteriota"	"Thermoleophilia"	"Solirubrobacterales"	"Solirubrobacteraceae"
"seq8047"	"Bacteria"	"Proteobacteria"	"Alphaproteobacteria"	"Acetobacterales"	"Acetobacteraceae"
"seq8070"	"Bacteria"	"Actinobacteriota"	"Actinobacteria"	"Euzebyales"	"Euzebyaceae"
"seq8096"	"Bacteria"	"Proteobacteria"	"Gammaproteobacteria"	"Burkholderiales"	"Chromobacteriaceae"
"seq8130"	"Bacteria"	"Cloacimonadota"	"Cloacimonadia"	"Cloacimonadales"	"MSBL8"
"seq8160"	"Bacteria"	"Proteobacteria"	"Gammaproteobacteria"	"Pseudomonadales"	"Marinobacteraceae"
"seq8214"	"Bacteria"	"Cyanobacteria"	"Cyanobacteriia"	"Cyanobacteriales"	"Xenococcaceae"
"seq8290"	"Bacteria"	"Proteobacteria"	"Alphaproteobacteria"	"Rhizobiales"	"KF-JG30-B3"
"seq8366"	"Bacteria"	"Desulfobacterota"	"Desulfobacteria"	"Desulfobacterales"	"Desulfolunaceae"
"seq8378"	"Bacteria"	"Fibrobacterota"	"Fibrobacteria"	"Fibrobacterales"	"BBMC-4"
"seq8409"	"Bacteria"	"Actinobacteriota"	"Actinobacteria"	"Micrococcales"	"Intrasporangiaceae"
"seq8681"	"Bacteria"	"Firmicutes"	"Clostridia"	"Peptostreptococcales-Tissierellales"	"Sedimentibacteraceae"
"seq8694"	"Bacteria"	"Fibrobacterota"	"Fibrobacteria"	"Fibrobacterales"	"Fibrobacteraceae"
"seq8833"	"Bacteria"	"Proteobacteria"	"Alphaproteobacteria"	"Micropepsales"	"Micropepsaceae"
"seq8969"	"Bacteria"	"Proteobacteria"	"Gammaproteobacteria"	"Enterobacterales"	"Morganellaceae"
"seq9294"	"Bacteria"	"Firmicutes"	"Bacilli"	"Exiguobacterales"	"Exiguobacteraceae"
"seq9331"	"Bacteria"	"Myxococcota"	"Polyangia"	"Polyangiales"	"BIrii41"
"seq9456"	"Bacteria"	"Proteobacteria"	"Gammaproteobacteria"	"Pseudomonadales"	"Saccharospirillaceae"
"seq9637"	"Bacteria"	"Proteobacteria"	"Alphaproteobacteria"	"Puniceispirillales"	"EF100-94H03"
"seq9721"	"Bacteria"	"Firmicutes"	"Bacilli"	"Erysipelotrichales"	"Erysipelotrichaceae"
"seq9900"	"Bacteria"	"Firmicutes"	"Clostridia"	"Christensenellales"	"Christensenellaceae"
"seq9906"	"Bacteria"	"Firmicutes"	"Bacilli"	"Bacillales"	"Bacillaceae"
"seq9941"	"Bacteria"	"Campylobacterota"	"Campylobacteria"	"Campylobacterales"	"Sulfurospirillaceae"
"seq9983"	"Bacteria"	"Verrucomicrobiota"	"Verrucomicrobiae"	"Verrucomicrobiales"	"Rubritaleaceae"
"seq10057"	"Bacteria"	"Proteobacteria"	"Alphaproteobacteria"	"Paracaedibacterales"	"Paracaedibacteraceae"
"seq10059"	"Bacteria"	"Planctomycetota"	"Planctomycetes"	"Isosphaerales"	"Isosphaeraceae"
"seq10255"	"Bacteria"	"Bacteroidota"	"Kryptonia"	"Kryptoniales"	"MSB-3C8"
"seq10287"	"Bacteria"	"Proteobacteria"	"Alphaproteobacteria"	"Thalassobaculales"	"Nisaeaceae"
"seq10386"	"Bacteria"	"Verrucomicrobiota"	"Chlamydiae"	"Chlamydiales"	"cvE6"
"seq10391"	"Bacteria"	"Firmicutes"	"Clostridia"	"Peptostreptococcales-Tissierellales"	"Family XI"
"seq10437"	"Bacteria"	"Modulibacteria"	"Moduliflexia"	"Moduliflexales"	"Moduliflexaceae"
"seq10695"	"Bacteria"	"Actinobacteriota"	"Actinobacteria"	"Micrococcales"	"Brevibacteriaceae"
"seq10727"	"Bacteria"	"Acidobacteriota"	"Vicinamibacteria"	"Vicinamibacterales"	"Vicinamibacteraceae"
"seq10737"	"Bacteria"	"Hydrogenedentes"	"Hydrogenedentia"	"Hydrogenedentiales"	"Hydrogenedensaceae"
"seq10750"	"Bacteria"	"Firmicutes"	"Clostridia"	"Peptostreptococcales-Tissierellales"	"livecontrolB21"
"seq10865"	"Bacteria"	"Proteobacteria"	"Gammaproteobacteria"	"Burkholderiales"	"Gallionellaceae"
"seq10961"	"Bacteria"	"Myxococcota"	"Polyangia"	"Polyangiales"	"Eel-36e1D6"
"seq11082"	"Bacteria"	"Desulfobacterota"	"Desulfovibrionia"	"Desulfovibrionales"	"Desulfovibrionaceae"
"seq11436"	"Bacteria"	"Proteobacteria"	"Alphaproteobacteria"	"Caedibacterales"	"Caedibacteraceae"
"seq11619"	"Bacteria"	"Actinobacteriota"	"Actinobacteria"	"Frankiales"	"Geodermatophilaceae"
"seq11857"	"Bacteria"	"Myxococcota"	"Polyangia"	"Polyangiales"	"Polyangiaceae"
"seq12155"	"Bacteria"	"Verrucomicrobiota"	"Verrucomicrobiae"	"Verrucomicrobiales"	"DEV007"
"seq12262"	"Bacteria"	"Bacteroidota"	"Bacteroidia"	"Cytophagales"	"Bernardetiaceae"
"seq12398"	"Bacteria"	"Proteobacteria"	"Alphaproteobacteria"	"Parvibaculales"	"Parvibaculaceae"
"seq12487"	"Bacteria"	"Bacteroidota"	"Bacteroidia"	"Chitinophagales"	"37-13"
"seq12544"	"Bacteria"	"Proteobacteria"	"Gammaproteobacteria"	"Burkholderiales"	"SC-I-84"
"seq12679"	"Bacteria"	"Firmicutes"	"Clostridia"	"Peptostreptococcales-Tissierellales"	"GoM-GC232-4463-Bac1"
"seq12983"	"Bacteria"	"Actinobacteriota"	"Acidimicrobiia"	"Microtrichales"	"Iamiaceae"
"seq12993"	"Bacteria"	"Bacteroidota"	"Bacteroidia"	"Cytophagales"	"Cytophagaceae"
"seq12996"	"Bacteria"	"Chloroflexi"	"Dehalococcoidia"	"Dehalococcoidales"	"Dehalococcoidaceae"
"seq13145"	"Bacteria"	"Firmicutes"	"Clostridia"	"Peptostreptococcales-Tissierellales"	"Dethiosulfatibacteraceae"
"seq13297"	"Bacteria"	"Proteobacteria"	"Alphaproteobacteria"	"Rhizobiales"	"C2U"
"seq13349"	"Bacteria"	"Firmicutes"	"Clostridia"	"Oscillospirales"	"Ruminococcaceae"
"seq13789"	"Bacteria"	"Proteobacteria"	"Gammaproteobacteria"	"Piscirickettsiales"	"Piscirickettsiaceae"
"seq14033"	"Bacteria"	"Spirochaetota"	"Leptospirae"	"Leptospirales"	"Leptospiraceae"
"seq14225"	"Bacteria"	"Firmicutes"	"Clostridia"	"Peptococcales"	"Peptococcaceae"
"seq14307"	"Bacteria"	"Acidobacteriota"	"Holophagae"	"Acanthopleuribacterales"	"Acanthopleuribacteraceae"
"seq14507"	"Bacteria"	"Firmicutes"	"Clostridia"	"Oscillospirales"	"[Eubacterium] coprostanoligenes group"
"seq14696"	"Bacteria"	"Proteobacteria"	"Alphaproteobacteria"	"Elsterales"	"Elsteraceae"
"seq14892"	"Bacteria"	"Actinobacteriota"	"Thermoleophilia"	"Gaiellales"	"Gaiellaceae"
"seq15065"	"Bacteria"	"Chloroflexi"	"Anaerolineae"	"Anaerolineales"	"Anaerolineaceae"
"seq15366"	"Bacteria"	"Proteobacteria"	"Alphaproteobacteria"	"Kordiimonadales"	"Kordiimonadaceae"
"seq15440"	"Bacteria"	"Bacteroidota"	"Bacteroidia"	"Bacteroidales"	"Williamwhitmaniaceae"
"seq15455"	"Bacteria"	"Cloacimonadota"	"Cloacimonadia"	"Cloacimonadales"	"LK-44f"
"seq15487"	"Bacteria"	"Firmicutes"	"Clostridia"	"Oscillospirales"	"Oscillospiraceae"
"seq15606"	"Bacteria"	"Proteobacteria"	"Gammaproteobacteria"	"Enterobacterales"	"Kangiellaceae"
"seq15668"	"Bacteria"	"Deinococcota"	"Deinococci"	"Deinococcales"	"Deinococcaceae"
"seq16044"	"Bacteria"	"Proteobacteria"	"Alphaproteobacteria"	"Rickettsiales"	"S25-593"
"seq16058"	"Bacteria"	"Bacteroidota"	"Bacteroidia"	"Bacteroidales"	"Tannerellaceae"
"seq16284"	"Bacteria"	"Proteobacteria"	"Gammaproteobacteria"	"Pseudomonadales"	"Microbulbiferaceae"
"seq16920"	"Bacteria"	"Proteobacteria"	"Alphaproteobacteria"	"Rhizobiales"	"Pleomorphomonadaceae"
"seq17088"	"Bacteria"	"Planctomycetota"	"Phycisphaerae"	"MSBL9"	"SG8-4"
"seq17785"	"Bacteria"	"Firmicutes"	"Negativicutes"	"Acidaminococcales"	"Acidaminococcaceae"
"seq18229"	"Bacteria"	"Chloroflexi"	"Chloroflexia"	"Thermomicrobiales"	"JG30-KF-CM45"
"seq18369"	"Bacteria"	"Proteobacteria"	"Alphaproteobacteria"	"Azospirillales"	"Azospirillaceae"
"seq18689"	"Bacteria"	"Verrucomicrobiota"	"Omnitrophia"	"Omnitrophales"	"Omnitrophaceae"
"seq18697"	"Bacteria"	"Proteobacteria"	"Gammaproteobacteria"	"Burkholderiales"	"Aquaspirillaceae"
"seq18942"	"Bacteria"	"Proteobacteria"	"Alphaproteobacteria"	"Dongiales"	"Dongiaceae"
"seq19156"	"Bacteria"	"Bacteroidota"	"Bacteroidia"	"Bacteroidales"	"Prevotellaceae"
"seq19402"	"Bacteria"	"Deferrisomatota"	"Defferrisomatia"	"Defferrisomatales"	"Defferrisomataceae"
"seq19568"	"Bacteria"	"Bacteroidota"	"Bacteroidia"	"Bacteroidales"	"Dysgonomonadaceae"
"seq19904"	"Bacteria"	"Actinobacteriota"	"Actinobacteria"	"Micromonosporales"	"Micromonosporaceae"
"seq20005"	"Bacteria"	"Firmicutes"	"Clostridia"	"Eubacteriales"	"Eubacteriaceae"
"seq20062"	"Bacteria"	"Firmicutes"	"Bacilli"	"Lactobacillales"	"Catellicoccaceae"
"seq20233"	"Bacteria"	"Desulfobacterota"	"Dissulfuribacteria"	"Dissulfuribacterales"	"Dissulfuribacteraceae"
"seq21503"	"Bacteria"	"Verrucomicrobiota"	"Verrucomicrobiae"	"Opitutales"	"Opitutaceae"
"seq21543"	"Bacteria"	"Firmicutes"	"Bacilli"	"Lactobacillales"	"Lactobacillaceae"
"seq21620"	"Bacteria"	"Proteobacteria"	"Gammaproteobacteria"	"Pseudomonadales"	"Oceanospirillaceae"
"seq21753"	"Bacteria"	"Proteobacteria"	"Gammaproteobacteria"	"Pseudomonadales"	"P13-46"
"seq22047"	"Bacteria"	"Bacteroidota"	"Bacteroidia"	"Sphingobacteriales"	"CMW-169"
"seq22154"	"Bacteria"	"Actinobacteriota"	"Actinobacteria"	"Corynebacteriales"	"Nocardiaceae"
"seq22222"	"Bacteria"	"Bdellovibrionota"	"Oligoflexia"	"Silvanigrellales"	"Silvanigrellaceae"
"seq22522"	"Bacteria"	"Proteobacteria"	"Gammaproteobacteria"	"Beggiatoales"	"Beggiatoaceae"
"seq22632"	"Bacteria"	"Planctomycetota"	"Phycisphaerae"	"MSBL9"	"KCLunmb-38-53"
"seq22759"	"Bacteria"	"Actinobacteriota"	"Actinobacteria"	"Streptomycetales"	"Streptomycetaceae"
"seq22861"	"Bacteria"	"Proteobacteria"	"Gammaproteobacteria"	"Burkholderiales"	"Chitinibacteraceae"
"seq23067"	"Bacteria"	"Cyanobacteria"	"Cyanobacteriia"	"Leptolyngbyales"	"Leptolyngbyaceae"
"seq23211"	"Bacteria"	"Proteobacteria"	"Gammaproteobacteria"	"Acidithiobacillales"	"Acidithiobacillaceae"
"seq23673"	"Bacteria"	"Proteobacteria"	"Alphaproteobacteria"	"Rickettsiales"	"Candidatus Hepatincola"
"seq24048"	"Archaea"	"Crenarchaeota"	"Nitrososphaeria"	"Nitrososphaerales"	"Nitrososphaeraceae"
"seq24299"	"Bacteria"	"Bacteroidota"	"Bacteroidia"	"Sphingobacteriales"	"env.OPS 17"
"seq24625"	"Bacteria"	"Fusobacteriota"	"Fusobacteriia"	"Fusobacteriales"	"Leptotrichiaceae"
"seq24936"	"Bacteria"	"Dependentiae"	"Babeliae"	"Babeliales"	"Babeliaceae"
"seq25105"	"Bacteria"	"Bacteroidota"	"Bacteroidia"	"Bacteroidales"	"Rikenellaceae"
"seq25319"	"Bacteria"	"Proteobacteria"	"Alphaproteobacteria"	"Holosporales"	"Holosporaceae"
"seq26195"	"Bacteria"	"Verrucomicrobiota"	"Lentisphaeria"	"Victivallales"	"BD2-3"
"seq26437"	"Bacteria"	"Fibrobacterota"	"Chitinivibrionia"	"Chitinivibrionales"	"Chitinivibrionaceae"
"seq26463"	"Bacteria"	"Armatimonadota"	"Fimbriimonadia"	"Fimbriimonadales"	"Fimbriimonadaceae"
"seq26579"	"Bacteria"	"Campylobacterota"	"Campylobacteria"	"Campylobacterales"	"Campylobacteraceae"
"seq26779"	"Bacteria"	"Desulfobacterota"	"Desulfarculia"	"Desulfarculales"	"Desulfarculaceae"
"seq27072"	"Bacteria"	"Verrucomicrobiota"	"Lentisphaeria"	"Oligosphaerales"	"Oligosphaeraceae"
"seq27310"	"Bacteria"	"Planctomycetota"	"Phycisphaerae"	"MSBL9"	"SM23-30"
"seq27733"	"Bacteria"	"Acidobacteriota"	"Acidobacteriae"	"Bryobacterales"	"Bryobacteraceae"
"seq27880"	"Bacteria"	"Fibrobacterota"	"Fibrobacteria"	"Fibrobacterales"	"SBYC"
"seq28194"	"Bacteria"	"Entotheonellaeota"	"Entotheonellia"	"Entotheonellales"	"Entotheonellaceae"
"seq28370"	"Bacteria"	"Bacteroidota"	"Bacteroidia"	"Cytophagales"	"Flammeovirgaceae"
"seq28517"	"Bacteria"	"Proteobacteria"	"Gammaproteobacteria"	"Burkholderiales"	"T34"
"seq28627"	"Bacteria"	"Proteobacteria"	"Gammaproteobacteria"	"Pseudomonadales"	"Alcanivoracaceae1"
"seq28659"	"Bacteria"	"Bacteroidota"	"Bacteroidia"	"Bacteroidales"	"Rs-E47 termite group"
"seq28755"	"Bacteria"	"Desulfobacterota"	"Desulfuromonadia"	"Geobacterales"	"Geobacteraceae"
"seq28890"	"Bacteria"	"Proteobacteria"	"Zetaproteobacteria"	"Mariprofundales"	"Mariprofundaceae"
"seq29224"	"Bacteria"	"Chloroflexi"	"Anaerolineae"	"Ardenticatenales"	"Ardenticatenaceae"
"seq29437"	"Bacteria"	"Proteobacteria"	"Gammaproteobacteria"	"Burkholderiales"	"Sulfuricellaceae"
"seq29542"	"Bacteria"	"Actinobacteriota"	"Actinobacteria"	"Pseudonocardiales"	"Pseudonocardiaceae"
"seq29679"	"Bacteria"	"Cloacimonadota"	"Cloacimonadia"	"Cloacimonadales"	"PBS-18"
"seq30254"	"Bacteria"	"Cyanobacteria"	"Cyanobacteriia"	"Cyanobacteriales"	"Microcystaceae"
"seq30452"	"Bacteria"	"Cyanobacteria"	"Cyanobacteriia"	"Cyanobacteriales"	"Phormidiaceae"
"seq31545"	"Bacteria"	"Proteobacteria"	"Alphaproteobacteria"	"Rhodospirillales"	"Thalassospiraceae"
"seq31772"	"Bacteria"	"Chloroflexi"	"Chloroflexia"	"Kallotenuales"	"AKIW781"
"seq32284"	"Bacteria"	"Firmicutes"	"Negativicutes"	"Veillonellales-Selenomonadales"	"Veillonellaceae"
"seq32362"	"Bacteria"	"Firmicutes"	"Clostridia"	"Peptostreptococcales-Tissierellales"	"Anaeromicrobium"
"seq32438"	"Bacteria"	"Armatimonadota"	"Armatimonadia"	"Armatimonadales"	"Armatimonadaceae"
"seq32763"	"Bacteria"	"Fibrobacterota"	"Fibrobacteria"	"Fibrobacterales"	"TG3"
"seq33060"	"Bacteria"	"Acidobacteriota"	"Holophagae"	"Holophagales"	"Holophagaceae"
"seq33076"	"Bacteria"	"Dependentiae"	"Babeliae"	"Babeliales"	"Vermiphilaceae"
"seq33631"	"Bacteria"	"Proteobacteria"	"Alphaproteobacteria"	"Rickettsiales"	"Candidatus Jidaibacter"
"seq33824"	"Bacteria"	"Verrucomicrobiota"	"Lentisphaeria"	"Victivallales"	"PRD18C08"
"seq34518"	"Bacteria"	"Verrucomicrobiota"	"Lentisphaeria"	"Oligosphaerales"	"Lenti-02"
"seq34724"	"Bacteria"	"Gemmatimonadota"	"Longimicrobia"	"Longimicrobiales"	"Longimicrobiaceae"
"seq35073"	"Bacteria"	"Bacteroidota"	"Bacteroidia"	"Bacteroidales"	"M2PB4-65 termite group"
"seq35170"	"Bacteria"	"Proteobacteria"	"Gammaproteobacteria"	"Burkholderiales"	"B1-7BS"
"seq35740"	"Bacteria"	"Actinobacteriota"	"Coriobacteriia"	"Coriobacteriales"	"Coriobacteriaceae"
"seq36037"	"Bacteria"	"Chloroflexi"	"Chloroflexia"	"Thermomicrobiales"	"AKYG1722"
"seq36134"	"Bacteria"	"Sumerlaeota"	"Sumerlaeia"	"Sumerlaeales"	"Sumerlaeaceae"
"seq37322"	"Bacteria"	"Verrucomicrobiota"	"Verrucomicrobiae"	"Verrucomicrobiales"	"Verrucomicrobiaceae"
"seq37909"	"Bacteria"	"Spirochaetota"	"Brevinematia"	"Brevinematales"	"Brevinemataceae"
"seq38624"	"Bacteria"	"Proteobacteria"	"Alphaproteobacteria"	"Rickettsiales"	"SM2D12"
"seq39193"	"Bacteria"	"Bacteroidota"	"Bacteroidia"	"Sphingobacteriales"	"KD3-93"
"seq41662"	"Bacteria"	"Proteobacteria"	"Gammaproteobacteria"	"Burkholderiales"	"Leeiaceae"
"seq42633"	"Bacteria"	"Chloroflexi"	"Dehalococcoidia"	"Dehalococcoidales"	"Dehalococcoidales Incertae Sedis"
"seq42668"	"Bacteria"	"Proteobacteria"	"Alphaproteobacteria"	"Sneathiellales"	"Sneathiellaceae"
"seq43400"	"Bacteria"	"Proteobacteria"	"Gammaproteobacteria"	"Halothiobacillales"	"Halothiobacillaceae"
"seq43404"	"Bacteria"	"Firmicutes"	"Clostridia"	"Peptostreptococcales-Tissierellales"	"Acidaminobacteraceae"
"seq43482"	"Bacteria"	"Proteobacteria"	"Gammaproteobacteria"	"Methylococcales"	"Methylococcaceae"
"seq44100"	"Bacteria"	"Actinobacteriota"	"Actinobacteria"	"Bifidobacteriales"	"Bifidobacteriaceae"
"seq44288"	"Bacteria"	"Desulfobacterota"	"Desulfovibrionia"	"Desulfovibrionales"	"Desulfonatronovibrionaceae"
"seq44516"	"Bacteria"	"Firmicutes"	"Syntrophomonadia"	"Syntrophomonadales"	"Syntrophomonadaceae"
"seq44549"	"Bacteria"	"Firmicutes"	"Bacilli"	"Erysipelotrichales"	"Erysipelatoclostridiaceae"
"seq45544"	"Bacteria"	"Desulfobacterota"	"Desulfuromonadia"	"Desulfuromonadales"	"Geothermobacteraceae"
"seq45689"	"Bacteria"	"Firmicutes"	"Bacilli"	"Entomoplasmatales"	"Entomoplasmatales Incertae Sedis"
"seq45859"	"Bacteria"	"Desulfobacterota"	"Desulfuromonadia"	"Bradymonadales"	"Bradymonadaceae"
"seq46732"	"Bacteria"	"Firmicutes"	"Clostridia"	"Oscillospirales"	"UCG-010"
"seq46949"	"Bacteria"	"Cloacimonadota"	"Cloacimonadia"	"Cloacimonadales"	"Cloacimonadaceae"
"seq47660"	"Bacteria"	"Dependentiae"	"Babeliae"	"Babeliales"	"UBA12411"
"seq48352"	"Bacteria"	"Verrucomicrobiota"	"Verrucomicrobiae"	"Methylacidiphilales"	"Methylacidiphilaceae"
"seq48810"	"Bacteria"	"Verrucomicrobiota"	"Lentisphaeria"	"Victivallales"	"Arctic95B-14"
"seq49292"	"Bacteria"	"Thermotogota"	"Thermotogae"	"Petrotogales"	"Petrotogaceae"
"seq50534"	"Bacteria"	"Dependentiae"	"Babeliae"	"Babeliales"	"UBA12409"
"seq50678"	"Bacteria"	"Actinobacteriota"	"Actinobacteria"	"Micrococcales"	"Dermabacteraceae"
"seq51882"	"Bacteria"	"Firmicutes"	"Desulfitobacteriia"	"Desulfitobacteriales"	"TC1"
"seq52049"	"Bacteria"	"Caldisericota"	"Caldisericia"	"Caldisericales"	"WCHB1-02"
"seq52861"	"Bacteria"	"Proteobacteria"	"Alphaproteobacteria"	"Rhizobiales"	"D05-2"
"seq53651"	"Bacteria"	"Desulfobacterota"	"Desulfovibrionia"	"Desulfovibrionales"	"Desulfoplanaceae"
"seq54034"	"Bacteria"	"Proteobacteria"	"Alphaproteobacteria"	"Rickettsiales"	"Anaplasmataceae"
"seq54083"	"Bacteria"	"Actinobacteriota"	"Actinobacteria"	"Frankiales"	"Nakamurellaceae"
"seq55177"	"Bacteria"	"Actinobacteriota"	"Actinobacteria"	"Micrococcales"	"Dermacoccaceae"
"seq55456"	"Archaea"	"Nanoarchaeota"	"Nanoarchaeia"	"Woesearchaeales"	"SCGC AAA286-E23"
"seq56090"	"Archaea"	"Halobacterota"	"Methanosarcinia"	"Methanosarciniales"	"Methanosarcinaceae"
"seq56148"	"Bacteria"	"Firmicutes"	"Clostridia"	"Peptostreptococcales-Tissierellales"	"Gottschalkia"
"seq56182"	"Bacteria"	"Firmicutes"	"Dethiobacteria"	"Dethiobacterales"	"Dethiobacteraceae"
"seq56320"	"Bacteria"	"Proteobacteria"	"Gammaproteobacteria"	"Burkholderiales"	"A21b"
"seq56935"	"Bacteria"	"Proteobacteria"	"Alphaproteobacteria"	"Alphaproteobacteria Incertae Sedis"	"Unknown Family"
"seq56958"	"Bacteria"	"Proteobacteria"	"Gammaproteobacteria"	"Enterobacterales"	"Gallaecimonadaceae"
"seq58760"	"Bacteria"	"Proteobacteria"	"Alphaproteobacteria"	"Puniceispirillales"	"Puniceispirillales Incertae Sedis"
"seq59110"	"Bacteria"	"Chloroflexi"	"Anaerolineae"	"SBR1031"	"A4b"
"seq59871"	"Bacteria"	"Fibrobacterota"	"Fibrobacteria"	"Fibrobacterales"	"MAT-CR-H6-H10"
"seq59894"	"Bacteria"	"Verrucomicrobiota"	"Omnitrophia"	"Omnitrophales"	"koll11"
"seq60209"	"Bacteria"	"Abditibacteriota"	"Abditibacteria"	"Abditibacteriales"	"Abditibacteriaceae"
"seq60274"	"Bacteria"	"Cyanobacteria"	"Cyanobacteriia"	"Synechococcales"	"Synechococcales Incertae Sedis"
"seq60470"	"Bacteria"	"Actinobacteriota"	"Coriobacteriia"	"Coriobacteriales"	"Eggerthellaceae"
"seq60689"	"Bacteria"	"Proteobacteria"	"Alphaproteobacteria"	"Rhizobiales"	"Amb-16S-1323"
"seq60862"	"Bacteria"	"Acidobacteriota"	"Blastocatellia"	"Pyrinomonadales"	"Pyrinomonadaceae"
"seq61076"	"Bacteria"	"Bacteroidota"	"Bacteroidia"	"Sphingobacteriales"	"SBYC-2600"
"seq61571"	"Bacteria"	"Bacteroidota"	"Bacteroidia"	"Bacteroidales"	"LKC2.127-25"
"seq62492"	"Bacteria"	"Proteobacteria"	"Gammaproteobacteria"	"Enterobacterales"	"Hafniaceae"
"seq62898"	"Bacteria"	"Bacteroidota"	"Bacteroidia"	"Bacteroidales"	"Salinivirgaceae"
"seq63734"	"Bacteria"	"Verrucomicrobiota"	"Chlamydiae"	"Chlamydiales"	"Simkaniaceae"
"seq64916"	"Bacteria"	"Campylobacterota"	"Campylobacteria"	"Campylobacterales"	"Helicobacteraceae"
"seq65426"	"Bacteria"	"Proteobacteria"	"Alphaproteobacteria"	"Thalassobaculales"	"Oceanibaculaceae"
"seq65553"	"Bacteria"	"Firmicutes"	"Bacilli"	"Alicyclobacillales"	"Alicyclobacillaceae"
"seq65903"	"Bacteria"	"Bacteroidota"	"Ignavibacteria"	"Ignavibacteriales"	"SR-FBR-L83"
"seq66269"	"Bacteria"	"Firmicutes"	"Clostridia"	"Eubacteriales"	"Anaerofustaceae"
"seq66608"	"Bacteria"	"Actinobacteriota"	"Actinobacteria"	"Actinomycetales"	"Actinomycetaceae"
"seq66736"	"Bacteria"	"Proteobacteria"	"Gammaproteobacteria"	"Cardiobacteriales"	"Wohlfahrtiimonadaceae"
"seq66866"	"Bacteria"	"Planctomycetota"	"Phycisphaerae"	"Phycisphaerales"	"AKAU3564 sediment group"
"seq67048"	"Bacteria"	"Caldisericota"	"Caldisericia"	"Caldisericales"	"LF045"
"seq67512"	"Bacteria"	"Proteobacteria"	"Gammaproteobacteria"	"Methylococcales"	"Cycloclasticaceae"
"seq68349"	"Bacteria"	"Planctomycetota"	"Planctomycetes"	"Gemmatales"	"Gemmataceae"
"seq68767"	"Bacteria"	"Actinobacteriota"	"Rubrobacteria"	"Rubrobacterales"	"Rubrobacteriaceae"
"seq69386"	"Bacteria"	"Bacteroidota"	"Bacteroidia"	"Bacteroidales"	"MgMjR-022"
"seq69541"	"Bacteria"	"Proteobacteria"	"Alphaproteobacteria"	"Kiloniellales"	"Fodinicurvataceae"
"seq69696"	"Bacteria"	"Bacteroidota"	"Bacteroidia"	"Bacteroidales"	"vadinHA21"
"seq69846"	"Bacteria"	"Proteobacteria"	"Alphaproteobacteria"	"Ferrovibrionales"	"Marinibaculum"
"seq70081"	"Bacteria"	"Bacteroidota"	"Bacteroidia"	"Bacteroidales"	"FTLpost3"
"seq70530"	"Bacteria"	"Proteobacteria"	"Gammaproteobacteria"	"Pseudomonadales"	"Alcanivoracaceae"
"seq71362"	"Bacteria"	"Bacteroidota"	"Bacteroidia"	"Sphingobacteriales"	"S15A-MN91"
"seq71743"	"Bacteria"	"Proteobacteria"	"Gammaproteobacteria"	"Thioprofundaceae"	"Thioprofundum"
"seq72289"	"Bacteria"	"Firmicutes"	"Negativicutes"	"Veillonellales-Selenomonadales"	"Sporomusaceae"
"seq73161"	"Bacteria"	"Actinobacteriota"	"Actinobacteria"	"Streptosporangiales"	"Nocardiopsaceae"
"seq73300"	"Bacteria"	"Verrucomicrobiota"	"Chlamydiae"	"Chlamydiales"	"Chlamydiaceae"
"seq75837"	"Bacteria"	"Desulfobacterota"	"Syntrophia"	"Syntrophales"	"Syntrophaceae"
"seq77068"	"Bacteria"	"Proteobacteria"	"Gammaproteobacteria"	"Pseudomonadales"	"211ds20"
"seq77264"	"Bacteria"	"Actinobacteriota"	"Actinobacteria"	"Micrococcales"	"Promicromonosporaceae"
"seq77391"	"Bacteria"	"Myxococcota"	"Myxococcia"	"Myxococcales"	"27F-1492R"
"seq77444"	"Bacteria"	"Firmicutes"	"Bacilli"	"Paenibacillales"	"Paenibacillaceae"
"seq78619"	"Bacteria"	"Campylobacterota"	"Campylobacteria"	"Campylobacterales"	"Rs-M59 termite group"
"seq78809"	"Bacteria"	"Proteobacteria"	"Gammaproteobacteria"	"Enterobacterales"	"Succinivibrionaceae"
"seq79171"	"Bacteria"	"Proteobacteria"	"Alphaproteobacteria"	"Rhizobiales"	"Kaistiaceae"
"seq79965"	"Bacteria"	"Actinobacteriota"	"Actinobacteria"	"Propionibacteriales"	"Propionibacteriaceae"
"seq80424"	"Bacteria"	"Verrucomicrobiota"	"Kiritimatiellae"	"Kiritimatiellales"	"Kiritimatiellaceae"
"seq81272"	"Bacteria"	"Firmicutes"	"Clostridia"	"Caldicoprobacterales"	"Caldicoprobacteraceae"
"seq81398"	"Bacteria"	"Proteobacteria"	"Alphaproteobacteria"	"Rhizobiales"	"Rhodomicrobiaceae"
"seq81663"	"Archaea"	"Halobacterota"	"Methanomicrobia"	"Methanomicrobiales"	"Methanocorpusculaceae"
"seq81971"	"Bacteria"	"Firmicutes"	"Clostridia"	"Oscillospirales"	"Butyricicoccaceae"
"seq83019"	"Bacteria"	"Bacteroidota"	"Bacteroidia"	"Sphingobacteriales"	"E6aC02"
"seq83390"	"Bacteria"	"Firmicutes"	"Clostridia"	"Oscillospirales"	"Ethanoligenenaceae"
"seq83844"	"Bacteria"	"Bacteroidota"	"Bacteroidia"	"Bacteroidales"	"Ika33"
"seq84090"	"Bacteria"	"Cyanobacteria"	"Cyanobacteriia"	"Cyanobacteriales"	"Nostocaceae"
"seq84262"	"Bacteria"	"Fibrobacterota"	"Fibrobacteria"	"Fibrobacterales"	"B5-096"
"seq85695"	"Bacteria"	"Verrucomicrobiota"	"Chlamydiae"	"Chlamydiales"	"Criblamydiaceae"
"seq86009"	"Archaea"	"Altiarchaeota"	"Altiarchaeia"	"Altiarchaeales"	"Altiarchaeaceae"
"seq86541"	"Bacteria"	"Firmicutes"	"Clostridia"	"Peptostreptococcales-Tissierellales"	"Alkaliphilus"
"seq86715"	"Bacteria"	"Cyanobacteria"	"Cyanobacteriia"	"Cyanobacteriales"	"Oscillatoriaceae"
"seq87090"	"Bacteria"	"Chloroflexi"	"Anaerolineae"	"Thermoflexales"	"Thermoflexaceae"
"seq88299"	"Bacteria"	"Desulfobacterota"	"Syntrophobacteria"	"Syntrophobacterales"	"Syntrophobacteraceae"
"seq89377"	"Bacteria"	"Myxococcota"	"Myxococcia"	"Myxococcales"	"Anaeromyxobacteraceae"
"seq95237"	"Bacteria"	"Desulfobacterota"	"Desulfuromonadia"	"Desulfuromonadales"	"C8S-102"
"seq95273"	"Bacteria"	"Desulfobacterota"	"Desulfobacteria"	"Desulfobacterales"	"Desulfatiferula"
"seq97437"	"Bacteria"	"Actinobacteriota"	"Actinobacteria"	"Corynebacteriales"	"Corynebacteriaceae"
"seq99468"	"Bacteria"	"Verrucomicrobiota"	"Chlamydiae"	"Chlamydiales"	"Waddliaceae"
"seq101031"	"Bacteria"	"Actinobacteriota"	"Actinobacteria"	"Micrococcales"	"Micrococcales Incertae Sedis"
"seq101649"	"Bacteria"	"Proteobacteria"	"Gammaproteobacteria"	"Burkholderiales"	"Chitinimonadaceae"
"seq102798"	"Archaea"	"Nanoarchaeota"	"Nanoarchaeia"	"Woesearchaeales"	"SCGC AAA011-D5"
"seq106670"	"Bacteria"	"Actinobacteriota"	"Coriobacteriia"	"Coriobacteriales"	"Coriobacteriales Incertae Sedis"
"seq107374"	"Bacteria"	"Verrucomicrobiota"	"Chlamydiae"	"Chlamydiales"	"Parachlamydiaceae"
"seq108221"	"Bacteria"	"Elusimicrobiota"	"Endomicrobia"	"Endomicrobiales"	"Endomicrobiaceae"
"seq109655"	"Bacteria"	"Nitrospinota"	"Nitrospinia"	"Nitrospinales"	"Nitrospinaceae"
"seq109879"	"Bacteria"	"Actinobacteriota"	"Actinobacteria"	"Glycomycetales"	"Glycomycetaceae"
"seq111026"	"Bacteria"	"Proteobacteria"	"Gammaproteobacteria"	"Immundisolibacterales"	"Immundisolibacteraceae"
"seq111952"	"Bacteria"	"Chloroflexi"	"Chloroflexia"	"Chloroflexales"	"Roseiflexaceae"
"seq113151"	"Bacteria"	"Firmicutes"	"Clostridia"	"Oscillospirales"	"Hydrogenoanaerobacterium"
"seq114256"	"Bacteria"	"Proteobacteria"	"Gammaproteobacteria"	"Enterobacterales"	"Pasteurellaceae"
"seq114361"	"Bacteria"	"Bacteroidota"	"Bacteroidia"	"Bacteroidales"	"Bacteroidales UCG-001"
"seq114374"	"Bacteria"	"Firmicutes"	"Clostridia"	"Monoglobales"	"Monoglobaceae"
"seq119246"	"Archaea"	"Nanoarchaeota"	"Nanoarchaeia"	"Woesearchaeales"	"GW2011_GWC1_47_15"
"seq120339"	"Bacteria"	"Fibrobacterota"	"Fibrobacteria"	"Fibrobacterales"	"Candidatus Raymondbacteria"
"seq121896"	"Bacteria"	"Proteobacteria"	"Alphaproteobacteria"	"Kordiimonadales"	"Iodidimonadaceae"
"seq122819"	"Bacteria"	"Proteobacteria"	"Alphaproteobacteria"	"Rhizobiales"	"Labraceae"
"seq124538"	"Bacteria"	"Proteobacteria"	"Magnetococcia"	"Magnetococcales"	"Magnetococcaceae"
"seq126579"	"Bacteria"	"Firmicutes"	"Desulfitobacteriia"	"Desulfitobacteriales"	"Desulfitobacteriaceae"
"seq130486"	"Bacteria"	"Cyanobacteria"	"Cyanobacteriia"	"Cyanobacteriales"	"Geitlerinemaceae"
"seq131578"	"Bacteria"	"Bacteroidota"	"Bacteroidia"	"Sphingobacteriales"	"ADurb.Bin408"
"seq133113"	"Bacteria"	"Proteobacteria"	"Alphaproteobacteria"	"Rickettsiales"	"Midichloriaceae"
"seq137224"	"Bacteria"	"Fibrobacterota"	"Fibrobacteria"	"Fibrobacterales"	"B122"
"seq140690"	"Bacteria"	"Bacteroidota"	"Bacteroidia"	"Sphingobacteriales"	"KD1-131"
"seq142955"	"Archaea"	"Nanoarchaeota"	"Nanoarchaeia"	"Woesearchaeales"	"GW2011"
"seq148638"	"Bacteria"	"Verrucomicrobiota"	"Lentisphaeria"	"Victivallales"	"GWF2-44-16"
"seq149303"	"Bacteria"	"Halanaerobiaeota"	"Halanaerobiia"	"Halanaerobiales"	"Halobacteroidaceae"
"seq149372"	"Bacteria"	"Desulfobacterota"	"Desulfobacteria"	"Desulfobacterales"	"Desulforegulaceae"
"seq149763"	"Bacteria"	"Proteobacteria"	"Gammaproteobacteria"	"Enterobacterales"	"Celerinatantimonadaceae"
"seq150747"	"Bacteria"	"Bacteroidota"	"Bacteroidia"	"Bacteroidales"	"Barnesiellaceae"
"seq150885"	"Bacteria"	"Actinobacteriota"	"Actinobacteria"	"Corynebacteriales"	"Dietziaceae"
"seq154307"	"Bacteria"	"Firmicutes"	"Clostridia"	"Clostridiales"	"Caloramatoraceae"
"seq158777"	"Bacteria"	"Proteobacteria"	"Gammaproteobacteria"	"Cardiobacteriales"	"Cardiobacteriaceae"
"seq159157"	"Bacteria"	"Firmicutes"	"Clostridia"	"Peptostreptococcales-Tissierellales"	"Clostridiisalibacter"
"seq159160"	"Bacteria"	"Proteobacteria"	"Gammaproteobacteria"	"Enterobacterales"	"Orbaceae"
"seq159632"	"Bacteria"	"Proteobacteria"	"Alphaproteobacteria"	"Emcibacterales"	"Emcibacteraceae"
"seq161486"	"Bacteria"	"Firmicutes"	"Thermoanaerobacteria"	"Thermoanaerobacterales"	"SRB2"
"seq162130"	"Bacteria"	"Methylomirabilota"	"Methylomirabilia"	"Rokubacteriales"	"WX65"
"seq163597"	"Bacteria"	"Proteobacteria"	"Alphaproteobacteria"	"Rhizobiales"	"Rhodobiaceae"
"seq164767"	"Bacteria"	"Actinobacteriota"	"Actinobacteria"	"Frankiales"	"Frankiaceae"
"seq174019"	"Bacteria"	"Firmicutes"	"Negativicutes"	"Veillonellales-Selenomonadales"	"Selenomonadaceae"
"seq178805"	"Bacteria"	"Proteobacteria"	"Gammaproteobacteria"	"Salinisphaerales"	"Salinisphaeraceae"
"seq179669"	"Bacteria"	"Deferribacterota"	"Deferribacteres"	"Deferribacterales"	"Deferribacteraceae"
"seq187478"	"Bacteria"	"Planctomycetota"	"Phycisphaerae"	"Tepidisphaerales"	"WD2101 soil group"
"seq195007"	"Bacteria"	"Firmicutes"	"Clostridia"	"Clostridiales"	"Oxobacteraceae"
"seq195289"	"Bacteria"	"Firmicutes"	"Clostridia"	"Gracilibacteraceae"	"Lutispora"
"seq195820"	"Bacteria"	"Proteobacteria"	"Alphaproteobacteria"	"Kordiimonadales"	"Temperatibacteraceae"
"seq199168"	"Bacteria"	"Actinobacteriota"	"Actinobacteria"	"Micrococcales"	"Beutenbergiaceae"
"seq199322"	"Bacteria"	"Actinobacteriota"	"Actinobacteria"	"Streptosporangiales"	"Thermomonosporaceae"
"seq201895"	"Bacteria"	"Cyanobacteria"	"Cyanobacteriia"	"Phormidesmiales"	"Phormidesmiaceae"
"seq208075"	"Bacteria"	"Proteobacteria"	"Alphaproteobacteria"	"Acetobacterales"	"Elioraeaceae"
"seq210713"	"Bacteria"	"Chloroflexi"	"Chloroflexia"	"Chloroflexales"	"Herpetosiphonaceae"
"seq220610"	"Bacteria"	"Firmicutes"	"Bacilli"	"Thermoactinomycetales"	"Thermoactinomycetaceae"
"seq226169"	"Bacteria"	"Actinobacteriota"	"Actinobacteria"	"Streptosporangiales"	"Streptosporangiaceae"
"seq227445"	"Bacteria"	"Bacteroidota"	"Bacteroidia"	"Cytophagales"	"MWH-CFBk5"
"seq227980"	"Bacteria"	"Proteobacteria"	"Alphaproteobacteria"	"Rhizobiales"	"Ancalomicrobiaceae"
"seq235875"	"Bacteria"	"Myxococcota"	"Myxococcia"	"Myxococcales"	"Vulgatibacteraceae"
"seq247919"	"Bacteria"	"Actinobacteriota"	"Coriobacteriia"	"Coriobacteriales"	"Atopobiaceae"
"seq249192"	"Archaea"	"Iainarchaeota"	"Iainarchaeia"	"Iainarchaeales"	"Candidatus Iainarchaeum"
"seq265240"	"Bacteria"	"Acidobacteriota"	"Acidobacteriae"	"Acidobacteriales"	"Acidobacteriaceae (Subgroup 1)"
"seq270518"	"Bacteria"	"Spirochaetota"	"Brachyspirae"	"Brachyspirales"	"LH041"
"seq284715"	"Bacteria"	"Bacteroidota"	"Chlorobia"	"Chlorobiales"	"Chlorobiaceae"
"seq304870"	"Bacteria"	"Chrysiogenetota"	"Chrysiogenetes"	"Chrysiogenales"	"Chrysiogenaceae"
"seq306921"	"Bacteria"	"Verrucomicrobiota"	"Lentisphaeria"	"Victivallales"	"Victivallaceae"
"seq336855"	"Bacteria"	"Bacteroidota"	"Bacteroidia"	"Bacteroidales"	"Muribaculaceae"
"seq337953"	"Bacteria"	"Cyanobacteria"	"Cyanobacteriia"	"Phormidesmiales"	"Nodosilineaceae"
"seq571309"	"Bacteria"	"Chloroflexi"	"Chloroflexia"	"Thermomicrobiales"	"Thermomicrobiaceae"
"seq596432"	"Bacteria"	"Proteobacteria"	"Alphaproteobacteria"	"Rhodospirillales"	"Magnetospirillaceae"
"seq596483"	"Bacteria"	"Firmicutes"	"Desulfotomaculia"	"Desulfotomaculales"	"Desulfotomaculaceae"
"seq106354"	"Bacteria"	"Firmicutes"	"Clostridia"	"Peptostreptococcales-Tissierellales"	"Clostridium sensu stricto"
"seq120249"	"Bacteria"	"Chloroflexi"	"Dehalococcoidia"	"GIF9"	"AB-539-J10"
"seq149348"	"Bacteria"	"Actinobacteriota"	"Actinobacteria"	"Micrococcales"	"Sanguibacteraceae"
"seq157976"	"Bacteria"	"Planctomycetota"	"Phycisphaerae"	"MSBL9"	"ST-NAGAB-D1"
"seq164879"	"Bacteria"	"Planctomycetota"	"Phycisphaerae"	"MSBL9"	"L21-RPul-D3"
"seq180853"	"Bacteria"	"Bacteroidota"	"Bacteroidia"	"Cytophagales"	"Mooreiaceae"
"seq242689"	"Bacteria"	"Firmicutes"	"Desulfitobacteriia"	"Desulfitobacteriales"	"Syntrophobotulaceae"
"seq271768"	"Bacteria"	"Proteobacteria"	"Gammaproteobacteria"	"Ectothiorhodospirales"	"Acidihalobacteraceae"
"seq667363"	"Bacteria"	"Desulfobacterota"	"Syntrophorhabdia"	"Syntrophorhabdales"	"Syntrophorhabdaceae"
"seq111518"	"Bacteria"	"Planctomycetota"	"Brocadiae"	"Brocadiales"	"Scalinduaceae"
"seq155947"	"Bacteria"	"Nitrospirota"	"Thermodesulfovibrionia"	"Thermodesulfovibrionales"	"Thermodesulfovibrionaceae"
"seq208630"	"Bacteria"	"Proteobacteria"	"Alphaproteobacteria"	"Azospirillales"	"Inquilinaceae"
"seq213799"	"Bacteria"	"Bacteroidota"	"Bacteroidia"	"Flavobacteriales"	"Blattabacteriaceae"
"seq358597"	"Bacteria"	"Cyanobacteria"	"Vampirivibrionia"	"Obscuribacterales"	"Obscuribacteraceae"
"seq447311"	"Bacteria"	"Methylomirabilota"	"Methylomirabilia"	"Methylomirabilales"	"Methylomirabilaceae"
"seq465686"	"Bacteria"	"Thermotogota"	"Thermotogae"	"Kosmotogales"	"Kosmotogaceae"
